occPerM; word
37865; the
31891; to
28965; i
24712; a
22109; you
17577; and
15608; for
15328; in
14571; of
14495; is
11837; it
11808; my
11231; on
9457; that
8116; me
7604; be
7530; at
7028; with
6946; your
6812; have
6617; so
6602; this
6450; are
6100; just
5367; we
5192; i'm
5040; but
4980; not
4922; like
4891; all
4763; was
4648; out
4615; up
4552; get
4499; what
4293; love
4292; if
4280; do
4044; good
3844; will
3701; about
3657; day
3617; thanks
3609; rt
3605; can
3381; from
3371; it's
3331; now
3322; when
3296; one
3212; know
3125; no
3111; u
3053; great
3048; don't
3029; time
3016; how
2898; go
2877; today
2871; as
2820; new
2804; they
2795; or
2708; lol
2692; see
2649; an
2525; more
2506; our
2500; some
2441; there
2398; by
2362; too
2334; back
2271; going
2264; he
2256; got
2229; who
2195; think
2097; would
2088; people
2062; need
2025; us
1968; happy
1949; want
1938; am
1925; follow
1921; make
1882; has
1850; right
1841; can't
1839; really
1793; much
1772; been
1764; tonight
1705; had
1697; work
1645; night
1624; come
1609; thank
1595; did
1581; only
1570; them
1548; why
1539; well
1524; its
1518; still
1516; last
1501; you're
1491; here
1489; way
1472; best
1467; should
1455; off
1417; hope
1412; that's
1389; his
1378; never
1352; her
1335; life
1308; than
1304; then
1297; oh
1287; say
1263; over
1259; first
1257; show
1254; im
1240; next
1237; better
1219; game
1214; twitter
1205; please
1196; she
1170; always
1161; their
1144; tomorrow
1140; week
1134; take
1128; yes
1125; down
1108; i'll
1105; him
1099; any
1089; man
1080; were
1079; could
1076; year
1074; wait
1068; where
1066; haha
1055; morning
1041; getting
1038; even
1034; hey
1030; looking
1023; very
1012; everyone
1011; look
1007; ever
1000; sure
991; feel
988; awesome
976; after
975; d
971; home
961; let
953; big
949; being
934; fun
929; because
913; something
913; weekend
896; again
893; keep
889; nice
887; gonna
885; i've
875; yeah
873; into
869; thing
861; doing
853; things
850; school
840; someone
836; world
835; guys
833; bad
824; help
816; free
813; those
813; th
810; check
802; watching
800; miss
799; every
799; amazing
798; does
795; soon
793; live
790; other
782; tweet
778; tell
778; before
771; coming
770; give
769; long
766; music
766; call
762; may
762; made
762; little
762; many
759; days
746; pm
746; stop
743; friends
742; hate
738; w
735; most
733; same
730; wish
725; said
720; didn't
711; start
707; find
703; girl
699; ready
699; done
693; cool
691; shit
688; we're
681; two
680; god
677; watch
676; pretty
674; play
672; another
663; real
663; old
657; birthday
655; win
649; these
648; anyone
647; talk
644; also
639; use
629; excited
622; working
621; friday
617; having
615; hear
613; what's
610; s
609; hard
603; dont
601; around
595; ur
594; sorry
594; try
593; thought
591; while
587; team
583; already
574; wanna
574; put
573; maybe
572; makes
569; glad
569; though
552; lot
548; house
546; ok
546; trying
544; ya
542; away
542; years
539; forward
539; job
537; beautiful
536; nothing
534; yet
530; party
530; sleep
528; looks
528; st
527; following
525; true
525; doesn't
524; saw
523; everything
519; wow
519; song
517; friend
516; welcome
516; guy
513; he's
511; favorite
508; through
507; let's
505; ass
505; mean
502; making
497; until
494; might
492; must
490; name
488; fuck
486; food
484; stay
481; book
479; actually
477; person
476; read
476; damn
473; family
472; few
470; class
470; end
469; anything
468; hit
465; which
464; money
463; phone
459; omg
459; since
458; congrats
457; place
451; open
450; believe
447; baby
447; playing
446; gotta
446; mom
444; movie
442; video
440; guess
437; n
434; both
433; kids
431; i'd
431; change
430; own
430; hot
430; crazy
430; such
428; news
424; sounds
424; season
422; support
421; run
420; finally
420; remember
420; head
418; talking
414; went
413; funny
413; email
411; else
410; p
410; followers
408; stuff
408; meet
407; enjoy
406; says
406; summer
403; enough
401; without
401; left
401; there's
398; thinking
398; city
398; hi
397; times
395; part
395; cause
393; early
391; hours
389; luck
388; mind
385; high
385; word
378; heard
378; facebook
378; far
377; needs
374; care
373; tweets
373; r
372; ask
372; hell
371; heart
371; myself
368; ha
364; b
364; fan
363; send
363; girls
361; bring
360; isn't
360; business
360; cant
360; seen
358; almost
358; wrong
358; kind
354; car
353; haven't
352; we'll
352; feeling
350; least
349; won't
349; saturday
349; idea
349; hour
342; bed
342; eat
341; face
341; sunday
341; used
341; buy
340; probably
339; fans
338; late
335; sweet
335; hair
334; gets
334; dude
332; post
332; la
331; full
331; taking
331; okay
330; found
330; yourself
329; meeting
325; room
322; once
322; social
320; bitch
319; whole
317; event
315; seeing
315; lmao
314; together
312; story
312; tv
312; sad
312; monday
311; perfect
310; super
309; sometimes
309; listening
308; black
307; lunch
306; yesterday
306; bro
306; they're
305; top
305; games
305; rock
304; coffee
302; break
302; forget
302; told
302; reading
301; point
300; join
300; called
299; came
298; set
297; dinner
297; waiting
296; fucking
295; lost
293; text
292; special
290; saying
287; red
287; definitely
287; leave
285; weather
285; thats
284; course
283; seriously
283; minutes
283; media
282; cute
282; starting
281; o
280; half
278; goes
276; problem
276; words
275; learn
274; moment
273; boy
273; bout
269; line
268; agree
267; state
266; she's
265; wants
265; started
265; move
264; month
264; pick
264; white
263; later
263; yo
263; loved
263; during
262; interesting
262; less
260; question
260; tired
260; wanted
260; missed
260; each
259; totally
258; drink
258; happen
257; list
256; using
256; comes
255; you'll
255; office
255; took
254; chance
254; online
253; wonder
252; close
251; bit
251; sick
251; gone
250; wonderful
250; women
249; hahaha
248; beer
248; either
248; c
248; weeks
247; k
247; fall
247; outside
247; listen
246; x
245; page
245; means
244; chicago
244; future
244; running
244; hello
242; lots
241; ago
240; different
240; yea
239; past
239; between
238; rest
237; tickets
237; reason
236; nd
236; ah
234; others
234; walk
234; visit
233; christmas
233; seems
233; info
233; beat
233; second
233; dog
233; dream
232; plan
231; rain
231; students
231; worth
230; turn
230; mine
228; art
228; writing
228; proud
227; stupid
226; mad
225; boys
225; ff
225; number
224; side
224; spring
223; share
223; dance
221; site
221; ugh
221; busy
221; three
221; austin
220; wasn't
220; till
220; college
219; ill
218; dm
217; pay
216; blog
216; service
215; cold
215; understand
214; drive
214; single
214; who's
214; easy
214; able
213; trip
213; park
213; vs
213; men
213; appreciate
212; power
211; water
211; via
211; ppl
211; kid
210; deal
210; yay
209; bar
209; tho
209; matter
209; giving
208; ain't
208; thx
208; website
208; club
207; young
207; you've
206; under
206; cuz
205; green
205; instead
205; lets
204; against
204; san
204; success
204; huge
204; app
204; weird
203; finished
202; dear
201; sound
201; project
201; voice
201; nyc
200; knew
199; fine
198; band
198; town
197; account
196; shout
196; eyes
196; film
195; john
195; couple
195; american
194; woman
194; store
194; lady
193; shows
193; dad
193; mention
193; thursday
192; sign
192; group
192; em
192; catch
191; safe
191; write
191; experience
190; wine
190; small
189; won
188; forever
188; fire
188; date
188; body
188; works
187; lose
187; starts
187; tweeting
187; fast
187; important
187; anymore
187; couldn't
186; google
186; living
186; series
186; dc
186; picture
185; street
185; become
185; history
185; fight
185; dead
184; order
184; y'all
184; wouldn't
183; conference
183; die
183; gave
183; books
183; final
182; happened
182; album
182; wit
182; smile
182; bet
181; short
181; hand
181; library
181; radio
180; local
180; behind
180; wear
180; eating
179; kinda
179; sun
179; add
179; aren't
178; public
178; interested
178; sucks
177; light
177; followed
177; ones
177; tried
177; shot
176; everybody
176; learning
175; vote
175; tour
175; save
175; months
175; fact
175; stand
174; da
174; sent
174; hopefully
174; m
174; cut
172; answer
172; feels
171; company
171; knows
171; brother
171; april
171; worst
171; center
169; songs
169; nigga
168; community
168; sitting
168; national
168; met
167; justin
166; link
166; hurt
166; loving
165; takes
165; front
165; tuesday
165; message
165; fb
165; asked
164; dreams
164; lucky
163; smh
163; moving
162; wearing
162; blue
162; available
162; case
162; folks
162; country
162; ball
162; beach
162; heading
161; concert
161; act
161; played
161; breakfast
160; rip
160; hold
160; pic
160; watched
160; sharing
160; football
160; exactly
160; thoughts
160; opening
160; forgot
159; shoot
159; enjoyed
159; area
158; alone
158; iphone
158; ideas
158; rather
157; questions
157; heat
157; cannot
156; record
156; ice
156; ride
156; gift
156; pizza
156; afternoon
155; sports
155; sex
155; whats
155; pass
155; bored
155; session
155; strong
155; obama
155; loves
155; road
154; son
153; hoping
153; absolutely
152; kill
152; air
151; cover
151; speak
151; vegas
150; test
150; rd
150; lil
150; wake
150; contact
150; interview
149; truth
149; needed
149; ladies
148; hang
148; sexy
148; gym
148; sister
147; parents
147; possible
147; bought
147; star
146; west
146; paper
146; trust
146; along
145; march
145; missing
145; snow
145; retweet
145; today's
145; bus
145; happens
144; we've
144; quite
144; market
144; bc
143; especially
143; enjoying
143; internet
143; miami
142; wife
142; holiday
142; health
142; mothers
142; wednesday
142; spend
141; plans
141; movies
140; often
140; chocolate
140; congratulations
140; realize
140; sense
139; tip
139; inside
139; mr
138; program
138; evening
138; ny
138; laugh
138; lead
138; baseball
138; studio
137; practice
137; wtf
137; million
137; yep
137; design
136; step
136; door
136; america
135; winning
135; june
135; gay
135; whatever
135; yours
135; serious
135; finish
135; round
135; goal
134; chicken
134; seem
133; hands
133; episode
133; fantastic
133; suck
132; article
132; straight
132; mt
132; mother
132; awkward
132; data
132; south
132; marketing
132; details
131; somebody
131; aw
131; due
131; card
131; xd
131; chris
130; jesus
130; cry
130; peace
130; til
130; jobs
130; minute
130; exciting
130; building
129; driving
129; fat
129; everyday
129; mother's
128; shopping
128; walking
128; drinking
128; boston
128; training
128; shut
127; touch
127; idk
127; sat
127; track
127; lord
127; player
127; space
127; bill
127; sale
127; mark
127; plus
127; etc
126; pictures
126; longer
126; issue
126; looked
126; student
126; church
126; players
126; cheese
125; near
125; basketball
125; children
125; easter
125; choice
125; boyfriend
125; death
125; self
125; extra
124; york
124; cat
123; personal
123; middle
123; fresh
123; photo
123; lovely
122; texas
122; web
122; headed
122; pain
122; shirt
122; figure
121; pics
121; hungry
121; child
121; eye
121; q
121; liked
121; smart
121; lives
120; coach
120; quick
120; type
120; calling
120; attention
120; computer
119; officially
119; holy
119; nobody
119; jealous
119; energy
118; respect
118; planning
118; apparently
118; didnt
118; singing
118; asking
117; youtube
117; worry
117; meant
117; stage
117; spot
117; sit
117; teacher
117; hearing
117; kick
117; joke
117; fair
117; race
117; slow
117; create
116; law
116; box
116; throw
116; field
116; tuned
116; btw
116; problems
116; drop
115; bday
115; putting
115; seattle
115; research
115; dress
115; leaving
115; worse
115; sir
115; posted
115; action
115; board
114; artist
114; learned
114; quote
114; president
114; telling
114; re
114; delicious
114; clean
114; woke
114; mike
113; advice
113; james
113; celebrate
113; four
113; changed
113; brown
113; tough
113; shop
113; random
113; piece
113; g
112; release
112; biggest
112; tea
112; de
112; cake
112; poor
112; swear
112; system
112; bowl
111; paul
111; spent
111; david
111; control
111; dr
111; drunk
111; truly
111; issues
111; chat
111; king
111; grow
111; downtown
111; aint
111; sing
111; east
111; tech
110; dark
110; cream
110; wins
110; hilarious
110; human
110; cc
109; mobile
109; crap
109; milwaukee
109; entire
109; bitches
109; low
109; ahead
109; videos
109; daily
109; performance
109; dick
109; age
108; imagine
108; content
108; excellent
108; education
108; cup
108; north
108; gorgeous
108; double
108; nfl
107; goodnight
107; agreed
107; buddy
107; alright
107; unless
107; photos
107; events
107; key
107; network
107; boo
106; style
106; warm
106; major
106; felt
106; thinks
106; expect
106; y
106; stuck
105; likes
105; florida
105; train
105; goin
105; gives
105; wedding
105; taken
105; study
105; count
105; lie
104; focus
104; ticket
104; positive
104; workout
104; min
104; digital
104; you'd
104; official
104; nba
104; supposed
104; anyway
104; teams
104; thru
103; happening
103; blessed
103; apple
103; across
103; t
103; paid
102; nap
102; note
102; broke
102; calls
102; brand
102; helping
102; commercial
102; um
102; shoes
102; level
102; ipad
102; press
102; difference
102; roll
101; relationship
101; lakers
101; yall
101; earth
101; completely
101; five
101; hm
101; soul
101; deep
101; talent
101; code
100; color
100; usually
100; price
100; fake
100; greatest
100; michael
100; july
100; update
100; yr
100; worked
100; dumb
99; hall
99; ugly
99; wont
99; draft
99; traffic
99; mouth
98; shoutout
98; offer
98; speaking
98; wondering
98; soo
98; annoying
97; ways
97; realized
97; career
97; pants
97; information
97; fear
97; conversation
97; asleep
97; hanging
97; classes
97; winner
97; turned
97; sell
97; born
96; taste
96; brain
96; notice
96; lmfao
96; begin
96; joe
96; table
96; drinks
96; pleasure
96; keeps
95; complete
95; version
95; travel
95; choose
95; secret
95; hotel
95; flight
94; shouldn't
94; crew
94; terrible
94; died
94; aww
94; huh
94; steve
94; ima
94; showing
94; search
94; houston
93; points
93; contest
93; war
93; boring
93; fly
93; caught
93; anybody
93; diego
93; loud
92; healthy
92; breaking
92; deserve
92; build
92; killed
92; report
92; keeping
92; homework
92; doubt
92; fix
91; e
91; review
91; except
91; wall
91; checking
91; brewers
91; floor
90; score
90; return
90; winter
90; scared
90; blast
90; literally
90; daughter
90; killing
90; how's
90; bike
90; alive
90; mix
90; yup
90; stories
90; opportunity
90; lately
90; given
90; denver
89; reply
89; based
89; indeed
89; sleeping
89; f
89; bag
89; currently
89; brought
88; nights
88; dj
88; dallas
88; sold
88; fam
88; fail
88; smell
88; wild
88; teach
88; vacation
88; promise
88; tweeted
88; nite
87; station
87; reach
87; festival
87; niggas
87; loss
87; bunch
87; tune
87; schedule
87; league
87; simple
87; nope
87; magic
87; direction
87; beauty
87; closed
87; per
86; sending
86; reality
86; v
86; kiss
86; moms
86; clear
86; staff
86; luv
86; present
86; mood
86; dogs
86; quality
86; incredible
86; treat
85; decided
85; trouble
85; wishing
85; pop
85; freaking
85; feet
85; jersey
85; places
85; fit
85; members
84; crying
84; thanksgiving
84; english
84; broken
84; shower
84; ate
84; signed
84; earlier
84; beyond
84; shooting
84; process
83; tips
83; handle
83; finding
83; fashion
83; miles
83; bless
83; happiness
83; police
83; credit
83; fish
83; dancing
83; uh
83; def
82; finals
82; feed
82; hurts
82; bye
82; profile
82; pull
82; museum
82; honestly
82; oo
82; creative
82; surprised
82; award
81; spread
81; channel
81; cats
81; address
81; restaurant
81; ive
81; named
81; dirty
81; tom
81; match
81; matt
81; view
81; boss
81; spending
80; shots
80; ryan
80; latest
80; somewhere
80; updates
80; george
80; blood
80; passed
80; rich
80; kidding
80; jazz
80; here's
80; copy
80; county
79; sales
79; presentation
79; j
79; block
79; buying
79; artists
79; marriage
79; easier
79; customer
79; value
78; gas
78; access
78; suggestions
78; shall
78; dat
78; cheers
78; services
78; clothes
78; uk
78; within
78; teaching
78; pack
78; original
78; title
77; portland
77; university
77; honor
77; afraid
77; judge
77; staying
77; screen
77; themselves
77; tax
77; known
77; fell
77; challenge
77; successful
77; romney
77; everywhere
77; gettin
76; faith
76; knowing
76; inspiration
76; horrible
76; picked
76; mess
76; id
76; bieber
76; alot
76; technology
76; cards
76; gold
76; cd
76; weight
76; connect
76; pool
76; playoffs
76; ps
76; panel
76; classic
76; washington
75; trending
75; asap
75; acting
75; merry
75; including
75; yrs
75; results
75; ran
75; plz
75; prom
75; bay
75; usa
75; twice
75; stick
75; fuckin
75; bringing
75; stars
75; booth
74; product
74; changes
74; science
74; model
74; it'll
74; mama
74; scary
74; hunger
74; woo
74; sometime
74; avengers
74; laughing
74; jump
74; jack
74; golf
74; instagram
74; babe
73; trade
73; losing
73; tonight's
73; mac
73; continue
73; baltimore
73; schools
73; quit
73; wat
73; form
73; thankful
73; glass
73; doesnt
73; total
73; beginning
73; pro
73; hill
73; bigger
73; smoke
73; helps
72; scene
72; pray
72; perhaps
72; awake
72; products
72; campaign
72; airport
72; fox
72; follower
72; teachers
72; youre
72; row
72; wrote
72; court
72; stopped
72; bacon
72; response
72; ad
72; moved
72; married
72; main
72; guest
71; goals
71; peeps
71; swag
71; grand
71; current
71; atlanta
71; cost
71; famous
71; surprise
71; beats
71; decision
71; crowd
70; normal
70; member
70; decide
70; added
70; philly
70; grade
70; comment
70; character
70; coast
70; lights
70; epic
70; drama
70; rule
70; cash
70; cancer
70; talked
70; lazy
70; camp
69; french
69; chill
69; tix
69; fabulous
69; joy
69; cleaning
69; yum
69; ends
69; whether
69; receive
69; common
69; we'd
69; bottle
69; third
69; role
69; none
68; tree
68; blame
68; plays
68; annual
68; likely
68; l
68; holding
68; consider
68; butt
68; pink
68; period
68; industry
68; soccer
68; moon
68; mall
68; hahah
68; xoxo
67; wisconsin
67; turns
67; waste
67; hitting
67; al
67; ed
67; anytime
67; talented
67; giants
67; rules
67; launch
67; hockey
67; customers
67; campus
66; obviously
66; window
66; sunny
66; gotten
66; knowledge
66; holidays
66; pissed
66; imma
66; falling
66; defense
66; awards
66; private
66; parking
66; growing
66; dying
66; projects
66; math
66; mail
66; client
66; opinion
66; general
66; rose
66; fighting
66; checked
65; ring
65; follows
65; explain
65; noticed
65; camera
65; bulls
65; selling
65; scott
65; recommend
65; bank
65; ground
65; discussion
65; apps
65; noon
65; fav
65; cookies
65; himself
65; feature
65; blow
65; homie
65; garden
64; outta
64; tim
64; location
64; madison
64; skills
64; wishes
64; letting
64; fill
64; names
64; heads
64; youth
64; orange
64; truck
64; size
64; nah
63; ten
63; standing
63; nick
63; husband
63; older
63; whenever
63; invite
63; hrs
63; jim
63; fingers
63; corner
63; midnight
63; walked
63; tebow
63; situation
63; excuse
63; grab
63; girlfriend
63; clients
63; arts
63; runs
63; california
63; alex
63; higher
63; certain
62; doin
62; dang
62; co
62; closer
62; button
62; simply
62; hits
62; feelings
62; begins
62; xo
62; position
62; celebrating
62; biz
62; cross
62; bands
62; graduation
62; jam
62; involved
62; productive
62; legs
62; large
62; hasn't
62; halloween
62; clearly
61; kobe
61; harry
61; bob
61; they'll
61; natural
61; confused
61; changing
61; itunes
61; comments
61; spam
61; shame
61; fellow
61; degrees
61; specials
61; taylor
61; storm
61; balls
61; upset
61; regular
60; smith
60; six
60; marathon
60; battle
60; mins
60; hr
60; wings
60; thunder
60; amen
60; packers
60; memories
60; lack
60; spanish
60; hollywood
60; skin
60; ridiculous
60; plane
60; leadership
60; language
60; ca
60; jackson
60; flying
60; spirit
60; ma
60; jus
60; sf
60; received
60; states
60; josh
60; inspired
60; hmm
60; audience
60; anniversary
60; term
60; ohio
60; interest
59; yoga
59; speech
59; seat
59; quiet
59; anywhere
59; cheap
59; candy
59; former
59; kno
59; cousin
59; jones
59; diet
59; lake
59; upcoming
59; posting
59; awww
58; mostly
58; father
58; written
58; machine
58; kitchen
58; created
58; appreciated
58; bucks
58; sigh
58; click
58; attending
58; workshop
58; sum
58; senior
58; hosting
58; waking
58; lies
58; lame
58; burger
58; rush
58; download
58; santa
58; numbers
58; goodness
58; dope
58; correct
58; tag
57; sis
57; robert
57; awful
57; theater
57; honey
57; hahahaha
57; feedback
57; detroit
57; land
57; whoa
57; status
57; taco
57; professional
57; magazine
57; international
57; helped
57; espn
57; cars
57; upon
57; fool
57; cleveland
57; central
57; sandwich
57; impossible
57; comedy
57; although
57; honest
57; tryna
57; shake
57; pair
57; semester
57; hat
57; raise
56; several
56; push
56; lebron
56; desk
56; avoid
56; mission
56; mi
56; fucked
56; cast
56; topic
56; thomas
56; rocks
56; turning
56; recording
56; rangers
56; creating
56; square
56; lookin
56; bright
56; xx
56; hop
56; bottom
56; trend
56; recently
56; catching
56; soup
56; ipod
56; heck
56; brings
56; admit
56; tells
56; purchase
56; guitar
56; fest
56; effort
55; kept
55; wind
55; island
55; exercise
55; starbucks
55; performing
55; attack
55; menu
55; haters
55; culture
55; bird
55; salad
55; rights
55; potential
55; milk
55; harder
55; daddy
55; sky
55; hospital
55; according
55; kevin
55; los
55; female
55; cooking
55; brothers
55; pitch
55; nervous
55; lived
55; dnt
55; ms
55; idol
55; difficult
55; windows
55; texting
55; host
55; figured
55; author
55; adam
54; heaven
54; chick
54; adorable
54; cook
54; competition
54; lesson
54; supporting
54; enter
54; allowed
54; talks
54; sort
54; production
54; plenty
54; paying
54; oil
54; joining
54; fantasy
54; tool
54; force
54; deals
54; bbq
54; miller
54; gop
54; bread
54; strange
54; sleepy
54; seconds
54; he'll
54; tonite
54; security
54; pie
54; jk
54; yu
54; solid
53; someday
53; pages
53; mary
53; martin
53; lounge
53; theme
53; tears
53; management
53; direct
53; curious
53; reminds
53; accept
53; society
53; posts
53; hip
53; willing
53; rate
53; lines
53; knicks
53; grateful
53; freedom
53; brunch
53; weren't
53; sugar
53; budget
53; studying
53; silly
53; include
53; bullshit
53; prayers
53; havent
53; print
53; discuss
53; hes
52; yummy
52; indy
52; filled
52; nasty
52; hug
52; above
52; insane
52; august
52; wet
52; wisdom
52; where's
52; nashville
52; moves
52; ft
52; amount
52; tony
52; stoked
52; manager
52; dig
52; abt
52; ben
52; hurry
52; cell
52; burn
52; bear
52; stress
52; related
52; weak
52; tools
52; serve
52; notes
52; nation
52; however
52; faster
52; ended
52; angry
51; wed
51; failure
51; reasons
51; meal
51; theres
51; source
51; doors
51; ron
51; itself
51; attend
51; union
51; jeff
51; director
51; development
51; remind
51; prob
51; passion
51; indiana
51; ahh
51; unfortunately
51; setting
51; queen
51; pussy
51; ex
51; companies
51; nature
51; mile
51; jr
51; dollars
51; collection
51; cares
51; butter
51; sxsw
51; recent
51; wise
51; pr
51; ending
51; emails
50; request
50; becoming
50; ty
50; tht
50; speed
50; mayo
50; heavy
50; disney
50; depends
50; ave
50; mistake
50; lay
50; easily
50; cafe
50; suppose
50; possibly
50; h
50; kentucky
50; government
50; packed
50; laptop
50; actual
50; nose
50; average
50; pulled
50; london
50; juice
50; johnson
50; tx
50; quickly
50; allow
50; tattoo
50; dropped
50; spurs
50; orlando
50; dry
50; charge
49; teeth
49; prefer
49; foot
49; brian
49; attitude
49; theatre
49; smells
49; debate
49; brilliant
49; sunshine
49; pls
49; purpose
49; praying
49; leader
49; apart
49; shirts
49; risk
49; jason
49; favor
49; chinese
49; caps
49; pittsburgh
49; perform
49; pumped
49; expected
49; championship
49; taught
49; stomach
49; united
49; riding
49; powerful
49; bell
49; netflix
49; decisions
49; signing
49; evil
49; benefit
49; teen
49; provide
49; links
48; np
48; draw
48; visiting
48; doctor
48; background
48; records
48; users
48; dave
48; bears
48; android
48; ray
48; neighborhood
48; messages
48; letter
48; el
48; considering
48; exist
48; nuts
48; river
48; rise
48; journey
48; fitness
48; apartment
48; limit
48; voted
48; fixed
48; af
48; skype
48; quarter
48; worried
48; usual
48; somehow
48; raining
48; eve
48; certainly
48; beast
47; tshirt
47; relax
47; political
47; playoff
47; option
47; crack
47; reminder
47; popular
47; impact
47; genius
47; carry
47; progress
47; dudes
47; strength
47; rick
47; showed
47; memory
47; global
47; lee
47; babies
47; yankees
47; matters
47; makeup
47; grind
47; empty
47; yard
47; stock
47; planned
47; leg
47; hoe
47; creepy
47; year's
47; jordan
47; gun
47; gig
47; dollar
46; williams
46; inspiring
46; bathroom
46; moments
46; gosh
46; awhile
46; legal
46; wanting
46; rough
46; october
46; marry
46; nearly
46; mexico
46; mexican
46; tie
46; opportunities
46; hacked
46; degree
46; davis
46; ability
46; golden
46; fault
46; louis
46; knock
46; justice
46; isnt
46; dan
46; disappointed
46; birds
45; hashtag
45; feb
45; breath
45; killer
45; egg
45; stadium
45; aka
45; whitney
45; example
45; weed
45; saved
45; crush
45; audition
45; master
45; americans
45; tournament
45; rolling
45; hook
45; eggs
45; atl
45; adding
45; swing
45; nc
45; horse
45; among
45; tons
45; paint
45; highly
45; arrived
45; sox
45; leads
45; hero
45; chapter
45; testing
45; similar
45; section
45; ordered
45; networking
45; finishing
45; wide
45; repeat
45; picking
44; tha
44; glasses
44; spell
44; relationships
44; leaders
44; effect
44; characters
44; movement
44; basically
44; whose
44; wash
44; multiple
44; las
44; christian
44; passing
44; everytime
44; sea
44; grown
44; cinco
44; sites
44; seats
44; newest
44; hood
44; hoes
44; driver
44; calm
44; answers
44; options
44; base
44; november
44; minds
44; legit
44; zone
44; van
44; sauce
44; rap
44; peter
44; dates
43; released
43; regret
43; rainy
43; opened
43; impressed
43; crash
43; meaning
43; wi
43; throwing
43; talkin
43; shorts
43; held
43; ap
43; adult
43; libraries
43; ep
43; careful
43; sayin
43; massage
43; goodbye
43; tweeps
43; okc
43; cheer
43; negative
43; editing
43; prize
43; meat
43; extremely
43; target
43; singer
43; deserves
43; worries
43; contract
43; prices
43; pet
43; hugs
43; homeless
43; bomb
43; blah
42; partner
42; otherwise
42; hehe
42; laying
42; raw
42; promo
42; planet
42; victory
42; mistakes
42; mayor
42; january
42; insurance
42; chillin
42; beef
42; announce
42; tumblr
42; mentions
42; towards
42; timeline
42; rocking
42; ourselves
42; ohh
42; mentioned
42; items
42; improve
42; rep
42; pregnant
42; idiot
42; hole
42; economy
42; shine
42; coverage
42; tacos
42; reports
42; hearts
42; exam
42; couch
42; women's
42; voting
42; streets
42; politics
42; grad
42; sushi
42; ignore
42; fruit
42; closing
41; jokes
41; celebration
41; tracks
41; tight
41; punch
41; kim
41; counting
41; apply
41; animal
41; policy
41; featuring
41; continues
41; addicted
41; reference
41; phones
41; obsessed
41; mini
41; signs
41; opens
41; neck
41; strategy
41; sadly
41; irish
41; fri
41; expensive
41; besides
41; sarah
41; dating
41; tan
41; commercials
41; celtics
41; turkey
41; sam
41; pieces
41; meetings
41; district
41; chair
41; uses
41; hide
41; china
41; charles
41; vision
41; universe
41; express
41; wo
41; rice
41; image
41; billion
41; announced
40; winners
40; tape
40; fl
40; junior
40; neither
40; headache
40; eric
40; leaves
40; faces
40; arms
40; jeans
40; giant
40; beers
